"Nucleon_Difference","Number_Of_Pairs","Amino_Acid_Pairs"
0,2,"Gln-Lys; Ile-Leu"
1,5,"Asn-Asp; Asn-Ile; Asn-Leu; Gln-Glu; Glu-Lys"
2,6,"Asp-Ile; Asp-Leu; Cys-Thr; Glu-Met; Pro-Val; Thr-Val"
3,2,"Gln-Met; Lys-Met"
4,2,"Cys-Val; Pro-Thr"
5,0,"No pairs found"
6,2,"Cys-Pro; His-Met"
7,1,"Arg-Tyr"
8,1,"Glu-His"
9,3,"Arg-Phe; Gln-His; His-Lys"
10,4,"Cys-Ile; Cys-Leu; His-Phe; Pro-Ser"
11,1,"Asn-Cys"
12,4,"Asp-Cys; Ile-Thr; Leu-Thr; Ser-Val"
13,3,"Asn-Thr; Asp-Gln; Asp-Lys"
14,8,"Ala-Gly; Asn-Gln; Asn-Lys; Asp-Glu; Asp-Thr; Ile-Val; Leu-Val; Ser-Thr"
15,6,"Asn-Glu; Asn-Val; Gln-Ile; Gln-Leu; Ile-Lys; Leu-Lys"
16,10,"Ala-Ser; Asp-Met; Asp-Val; Cys-Ser; Glu-Ile; Glu-Leu; Ile-Pro; Leu-Pro; Met-Phe; Phe-Tyr"
17,2,"Asn-Met; Asn-Pro"
18,4,"Asp-Pro; Glu-Phe; Ile-Met; Leu-Met"
19,3,"Arg-His; Gln-Phe; Lys-Phe"
20,0,"No pairs found"
21,0,"No pairs found"
22,1,"Asp-His"
23,2,"Asn-His; Trp-Tyr"
24,2,"His-Ile; His-Leu"
25,3,"Arg-Met; Cys-Gln; Cys-Lys"
26,5,"Ala-Pro; Cys-Glu; His-Tyr; Ile-Ser; Leu-Ser"
27,4,"Arg-Glu; Asn-Ser; Gln-Thr; Lys-Thr"
28,6,"Ala-Val; Arg-Gln; Arg-Lys; Asp-Ser; Cys-Met; Glu-Thr"
29,2,"Gln-Val; Lys-Val"
30,5,"Ala-Thr; Arg-Trp; Glu-Val; Gly-Ser; Met-Thr"
31,2,"Gln-Pro; Lys-Pro"
32,5,"Ala-Cys; Asp-Phe; Glu-Pro; Met-Tyr; Met-Val"
33,1,"Asn-Phe"
34,5,"Cys-His; Glu-Tyr; Ile-Phe; Leu-Phe; Met-Pro"
35,2,"Gln-Tyr; Lys-Tyr"
36,1,"His-Thr"
37,0,"No pairs found"
38,1,"His-Val"
39,1,"Phe-Trp"
40,2,"Gly-Pro; His-Pro"
41,3,"Arg-Asp; Gln-Ser; Lys-Ser"
42,5,"Ala-Ile; Ala-Leu; Arg-Asn; Glu-Ser; Gly-Val"
43,3,"Ala-Asn; Arg-Ile; Arg-Leu"
44,4,"Ala-Asp; Cys-Phe; Gly-Thr; Met-Ser"
45,0,"No pairs found"
46,2,"Cys-Gly; Phe-Thr"
47,0,"No pairs found"
48,2,"Asp-Tyr; Phe-Val"
49,2,"Asn-Tyr; His-Trp"
50,4,"His-Ser; Ile-Tyr; Leu-Tyr; Phe-Pro"
51,0,"No pairs found"
52,0,"No pairs found"
53,1,"Arg-Cys"
54,0,"No pairs found"
55,2,"Arg-Thr; Met-Trp"
56,2,"Gly-Ile; Gly-Leu"
57,5,"Ala-Gln; Ala-Lys; Arg-Val; Asn-Gly; Glu-Trp"
58,4,"Ala-Glu; Asp-Gly; Gln-Trp; Lys-Trp"
59,1,"Arg-Pro"
60,3,"Ala-Met; Cys-Tyr; Phe-Ser"
61,0,"No pairs found"
62,1,"Thr-Tyr"
63,0,"No pairs found"
64,1,"Tyr-Val"
65,0,"No pairs found"
66,2,"Ala-His; Pro-Tyr"
67,0,"No pairs found"
68,0,"No pairs found"
69,1,"Arg-Ser"
70,0,"No pairs found"
71,3,"Asp-Trp; Gln-Gly; Gly-Lys"
72,2,"Asn-Trp; Glu-Gly"
73,2,"Ile-Trp; Leu-Trp"
74,1,"Gly-Met"
75,0,"No pairs found"
76,2,"Ala-Phe; Ser-Tyr"
77,0,"No pairs found"
78,0,"No pairs found"
79,0,"No pairs found"
80,1,"Gly-His"
81,0,"No pairs found"
82,0,"No pairs found"
83,1,"Cys-Trp"
84,0,"No pairs found"
85,2,"Ala-Arg; Thr-Trp"
86,0,"No pairs found"
87,1,"Trp-Val"
88,0,"No pairs found"
89,1,"Pro-Trp"
90,1,"Gly-Phe"
91,0,"No pairs found"
92,1,"Ala-Tyr"
93,0,"No pairs found"
94,0,"No pairs found"
95,0,"No pairs found"
96,0,"No pairs found"
97,0,"No pairs found"
98,0,"No pairs found"
99,2,"Arg-Gly; Ser-Trp"
100,0,"No pairs found"
101,0,"No pairs found"
102,0,"No pairs found"
103,0,"No pairs found"
104,0,"No pairs found"
105,0,"No pairs found"
106,1,"Gly-Tyr"
107,0,"No pairs found"
108,0,"No pairs found"
109,0,"No pairs found"
110,0,"No pairs found"
111,0,"No pairs found"
112,0,"No pairs found"
113,0,"No pairs found"
114,0,"No pairs found"
115,1,"Ala-Trp"
116,0,"No pairs found"
117,0,"No pairs found"
118,0,"No pairs found"
119,0,"No pairs found"
120,0,"No pairs found"
121,0,"No pairs found"
122,0,"No pairs found"
123,0,"No pairs found"
124,0,"No pairs found"
125,0,"No pairs found"
126,0,"No pairs found"
127,0,"No pairs found"
128,0,"No pairs found"
129,1,"Gly-Trp"
