"Proton_Difference","Number_Of_Pairs","Amino_Acid_Pairs"
0,7,"Asn-Asp; Cys-Thr; Cys-Val; Gln-Glu; Ile-Leu; Lys-Met; Thr-Val"
1,0,"No pairs found"
2,14,"Arg-Tyr; Asn-Ile; Asn-Leu; Asp-Ile; Asp-Leu; Cys-Pro; Gln-Lys; Gln-Met; Glu-Lys; Glu-Met; His-Lys; His-Met; Pro-Thr; Pro-Val"
3,0,"No pairs found"
4,2,"Gln-His; Glu-His"
5,0,"No pairs found"
6,13,"Arg-Phe; Asn-Cys; Asn-Thr; Asn-Val; Asp-Cys; Asp-Thr; Asp-Val; Gln-Ile; Gln-Leu; Glu-Ile; Glu-Leu; His-Phe; Pro-Ser"
7,0,"No pairs found"
8,24,"Ala-Gly; Ala-Ser; Asn-Gln; Asn-Glu; Asn-Pro; Asp-Gln; Asp-Glu; Asp-Pro; Cys-Ile; Cys-Leu; Cys-Ser; Ile-Lys; Ile-Met; Ile-Thr; Ile-Val; Leu-Lys; Leu-Met; Leu-Thr; Leu-Val; Lys-Phe; Met-Phe; Phe-Tyr; Ser-Thr; Ser-Val"
9,0,"No pairs found"
10,10,"Asn-Lys; Asn-Met; Asp-Lys; Asp-Met; Gln-Phe; Glu-Phe; His-Ile; His-Leu; Ile-Pro; Leu-Pro"
11,0,"No pairs found"
12,4,"Arg-His; Asn-His; Asp-His; Trp-Tyr"
13,0,"No pairs found"
14,13,"Ala-Pro; Arg-Lys; Arg-Met; Arg-Trp; Asn-Ser; Asp-Ser; Cys-Gln; Cys-Glu; Gln-Thr; Gln-Val; Glu-Thr; Glu-Val; His-Tyr"
15,0,"No pairs found"
16,20,"Ala-Cys; Ala-Thr; Ala-Val; Arg-Gln; Arg-Glu; Cys-Lys; Cys-Met; Gln-Pro; Glu-Pro; Gly-Ser; Ile-Phe; Ile-Ser; Leu-Phe; Leu-Ser; Lys-Thr; Lys-Tyr; Lys-Val; Met-Thr; Met-Tyr; Met-Val"
17,0,"No pairs found"
18,9,"Asn-Phe; Asp-Phe; Cys-His; Gln-Tyr; Glu-Tyr; His-Thr; His-Val; Lys-Pro; Met-Pro"
19,0,"No pairs found"
20,2,"His-Pro; Phe-Trp"
21,0,"No pairs found"
22,7,"Ala-Asn; Ala-Asp; Arg-Ile; Arg-Leu; Gln-Ser; Glu-Ser; Gly-Pro"
23,0,"No pairs found"
24,14,"Ala-Ile; Ala-Leu; Arg-Asn; Arg-Asp; Cys-Gly; Cys-Phe; Gly-Thr; Gly-Val; Ile-Tyr; Leu-Tyr; Lys-Ser; Met-Ser; Phe-Thr; Phe-Val"
25,0,"No pairs found"
26,5,"Asn-Tyr; Asp-Tyr; His-Ser; His-Trp; Phe-Pro"
27,0,"No pairs found"
28,2,"Lys-Trp; Met-Trp"
29,0,"No pairs found"
30,9,"Ala-Gln; Ala-Glu; Arg-Cys; Arg-Thr; Arg-Val; Asn-Gly; Asp-Gly; Gln-Trp; Glu-Trp"
31,0,"No pairs found"
32,9,"Ala-Lys; Ala-Met; Arg-Pro; Cys-Tyr; Gly-Ile; Gly-Leu; Phe-Ser; Thr-Tyr; Tyr-Val"
33,0,"No pairs found"
34,2,"Ala-His; Pro-Tyr"
35,0,"No pairs found"
36,2,"Ile-Trp; Leu-Trp"
37,0,"No pairs found"
38,5,"Arg-Ser; Asn-Trp; Asp-Trp; Gln-Gly; Glu-Gly"
39,0,"No pairs found"
40,4,"Ala-Phe; Gly-Lys; Gly-Met; Ser-Tyr"
41,0,"No pairs found"
42,1,"Gly-His"
43,0,"No pairs found"
44,3,"Cys-Trp; Thr-Trp; Trp-Val"
45,0,"No pairs found"
46,2,"Ala-Arg; Pro-Trp"
47,0,"No pairs found"
48,2,"Ala-Tyr; Gly-Phe"
49,0,"No pairs found"
50,0,"No pairs found"
51,0,"No pairs found"
52,1,"Ser-Trp"
53,0,"No pairs found"
54,1,"Arg-Gly"
55,0,"No pairs found"
56,1,"Gly-Tyr"
57,0,"No pairs found"
58,0,"No pairs found"
59,0,"No pairs found"
60,1,"Ala-Trp"
61,0,"No pairs found"
62,0,"No pairs found"
63,0,"No pairs found"
64,0,"No pairs found"
65,0,"No pairs found"
66,0,"No pairs found"
67,0,"No pairs found"
68,1,"Gly-Trp"
