"Neutron_Difference","Number_Of_Pairs","Amino_Acid_Pairs"
0,3,"Glu-Met; Ile-Leu; Pro-Val"
1,3,"Asn-Asp; Gln-Glu; Gln-Met"
2,6,"Cys-Ile; Cys-Leu; Cys-Thr; Gln-Lys; Pro-Thr; Thr-Val"
3,6,"Arg-Phe; Asn-Ile; Asn-Leu; Asp-Lys; Glu-Lys; Lys-Met"
4,12,"Asn-Lys; Asp-Ile; Asp-Leu; Cys-Pro; Cys-Val; Glu-His; His-Met; His-Phe; Ile-Thr; Leu-Thr; Pro-Ser; Ser-Val"
5,4,"Arg-Tyr; Asn-Cys; Asp-Gln; Gln-His"
6,10,"Ala-Gly; Asn-Gln; Asp-Cys; Asp-Glu; Asp-Met; Ile-Pro; Ile-Val; Leu-Pro; Leu-Val; Ser-Thr"
7,7,"Arg-His; Asn-Glu; Asn-Met; Asn-Thr; His-Lys; Ile-Lys; Leu-Lys"
8,6,"Ala-Ser; Asp-Thr; Cys-Ser; Glu-Phe; Met-Phe; Phe-Tyr"
9,6,"Asn-Pro; Asn-Val; Cys-Lys; Gln-Ile; Gln-Leu; Gln-Phe"
10,9,"Asp-His; Asp-Pro; Asp-Val; Glu-Ile; Glu-Leu; Ile-Met; Ile-Ser; Leu-Met; Leu-Ser"
11,7,"Arg-Glu; Arg-Met; Asn-His; Cys-Gln; Lys-Phe; Lys-Thr; Trp-Tyr"
12,6,"Ala-Pro; Ala-Val; Arg-Gln; Cys-Glu; Cys-Met; His-Tyr"
13,4,"Asn-Ser; Gln-Thr; Lys-Pro; Lys-Val"
14,9,"Ala-Thr; Arg-Lys; Asp-Phe; Asp-Ser; Glu-Thr; Gly-Ser; His-Ile; His-Leu; Met-Thr"
15,3,"Asn-Phe; Gln-Pro; Gln-Val"
16,9,"Ala-Cys; Arg-Trp; Cys-His; Glu-Pro; Glu-Tyr; Glu-Val; Met-Pro; Met-Tyr; Met-Val"
17,3,"Arg-Asp; Gln-Tyr; Lys-Ser"
18,8,"Ala-Ile; Ala-Leu; Arg-Asn; Gly-Pro; Gly-Val; His-Thr; Ile-Phe; Leu-Phe"
19,3,"Gln-Ser; Lys-Tyr; Phe-Trp"
20,6,"Cys-Phe; Glu-Ser; Gly-Thr; His-Pro; His-Val; Met-Ser"
21,3,"Ala-Asn; Arg-Ile; Arg-Leu"
22,4,"Ala-Asp; Asp-Tyr; Cys-Gly; Phe-Thr"
23,3,"Arg-Cys; Asn-Tyr; His-Trp"
24,5,"Gly-Ile; Gly-Leu; His-Ser; Phe-Pro; Phe-Val"
25,2,"Ala-Lys; Arg-Thr"
26,2,"Ile-Tyr; Leu-Tyr"
27,6,"Ala-Gln; Arg-Pro; Arg-Val; Asn-Gly; Glu-Trp; Met-Trp"
28,6,"Ala-Glu; Ala-Met; Asp-Gly; Cys-Tyr; Gln-Trp; Phe-Ser"
29,0,"No pairs found"
30,2,"Lys-Trp; Thr-Tyr"
31,2,"Arg-Ser; Gly-Lys"
32,3,"Ala-His; Pro-Tyr; Tyr-Val"
33,2,"Asp-Trp; Gln-Gly"
34,3,"Asn-Trp; Glu-Gly; Gly-Met"
35,0,"No pairs found"
36,2,"Ala-Phe; Ser-Tyr"
37,2,"Ile-Trp; Leu-Trp"
38,1,"Gly-His"
39,2,"Ala-Arg; Cys-Trp"
40,0,"No pairs found"
41,1,"Thr-Trp"
42,1,"Gly-Phe"
43,2,"Pro-Trp; Trp-Val"
44,1,"Ala-Tyr"
45,1,"Arg-Gly"
46,0,"No pairs found"
47,1,"Ser-Trp"
48,0,"No pairs found"
49,0,"No pairs found"
50,1,"Gly-Tyr"
51,0,"No pairs found"
52,0,"No pairs found"
53,0,"No pairs found"
54,0,"No pairs found"
55,1,"Ala-Trp"
56,0,"No pairs found"
57,0,"No pairs found"
58,0,"No pairs found"
59,0,"No pairs found"
60,0,"No pairs found"
61,1,"Gly-Trp"
