"Product","Three_Letter","One_Letter","Degeneracy","Codons"
"Alanine","Ala","A",4,"GCT;GCC;GCA;GCG"
"Arginine","Arg","R",6,"CGT;CGC;CGA;CGG;AGA;AGG"
"Asparagine","Asn","N",2,"AAT;AAC"
"Aspartic acid","Asp","D",2,"GAT;GAC"
"Cysteine","Cys","C",2,"TGT;TGC"
"Glutamine","Gln","Q",2,"CAA;CAG"
"Glutamic acid","Glu","E",2,"GAA;GAG"
"Glycine","Gly","G",4,"GGT;GGC;GGA;GGG"
"Histidine","His","H",2,"CAT;CAC"
"Isoleucine","Ile","I",3,"ATT;ATC;ATA"
"Leucine","Leu","L",6,"TTA;TTG;CTT;CTC;CTA;CTG"
"Lysine","Lys","K",2,"AAA;AAG"
"Methionine","Met","M",1,"ATG"
"Phenylalanine","Phe","F",2,"TTT;TTC"
"Proline","Pro","P",4,"CCT;CCC;CCA;CCG"
"Serine","Ser","S",6,"TCT;TCC;TCA;TCG;AGT;AGC"
"Threonine","Thr","T",4,"ACT;ACC;ACA;ACG"
"Tryptophan","Trp","W",1,"TGG"
"Tyrosine","Tyr","Y",2,"TAT;TAC"
"Valine","Val","V",4,"GTT;GTC;GTA;GTG"
"STOP","Stop","*",3,"TAA;TAG;TGA"
