"Key_ID","Codon","Mod_Side_Chain","Mod_Backbone","Mod_Protons","Mod_Neutrons","Final_Side_Chain","Final_Backbone","Final_Protons","Final_Neutrons"
"key0","ATG",0,0,0,0,75,74,80,69
"key0","TAA",0,0,0,0,0,0,0,0
"key0","TAG",0,0,0,0,0,0,0,0
"key0","TGA",0,0,0,0,0,0,0,0
"key1","ATG",-74,-74,-79,-69,1,0,1,0
"key1","TAA",74,0,37,37,74,0,37,37
"key1","TAG",74,0,37,37,74,0,37,37
"key1","TGA",74,0,37,37,74,0,37,37
"key2","ATG",0,0,0,0,75,74,80,69
"key2","TAA",50,74,62,62,50,74,62,62
"key2","TAG",-48,74,8,18,-48,74,8,18
"key2","TGA",50,74,62,62,50,74,62,62
"key3","ATG",0,0,0,0,75,74,80,69
"key3","TAA",148,74,116,106,148,74,116,106
"key3","TAG",148,74,116,106,148,74,116,106
"key3","TGA",148,74,116,106,148,74,116,106
"key4","ATG",0,0,0,0,75,74,80,69
"key4","TAA",26,74,50,50,26,74,50,50
"key4","TAG",0,74,32,42,0,74,32,42
"key4","TGA",26,74,50,50,26,74,50,50
"key5","ATG",0,0,0,0,75,74,80,69
"key5","TAA",74,74,74,74,74,74,74,74
"key5","TAG",0,74,32,42,0,74,32,42
"key5","TGA",74,74,74,74,74,74,74,74
"key6","ATG",-148,0,-79,-69,-73,74,1,0
"key6","TAA",50,74,62,62,50,74,62,62
"key6","TAG",100,74,87,87,100,74,87,87
"key6","TGA",50,74,62,62,50,74,62,62
"key7","ATG",-72,-74,-77,-69,3,0,3,0
"key7","TAA",2,74,39,37,2,74,39,37
"key7","TAG",2,74,39,37,2,74,39,37
"key7","TGA",2,74,39,37,2,74,39,37
"key8","ATG",-74,-74,-79,-69,1,0,1,0
"key8","TAA",0,74,37,37,0,74,37,37
"key8","TAG",0,74,37,37,0,74,37,37
"key8","TGA",0,74,37,37,0,74,37,37
"key9","ATG",-74,-74,-79,-69,1,0,1,0
"key9","TAA",0,0,0,0,0,0,0,0
"key9","TAG",0,0,0,0,0,0,0,0
"key9","TGA",0,0,0,0,0,0,0,0
