"Transl_Table","Code_Name","Pool_Model","Position","Keto_minus_Amino_T","Keto_minus_Amino_P","Keto_minus_Amino_N","Keto_minus_Amino_Delta","T_mod37","P_mod37","N_mod37","Delta_mod37","Position_Has_Div37","Positions_With_Div37"
1,"The Standard Code","Model_1",1,-761,-428,-333,-95,16,16,0,16,1,3
1,"The Standard Code","Model_1",2,185,124,61,63,0,13,24,26,1,3
1,"The Standard Code","Model_1",3,73,36,37,-1,36,36,0,36,1,3
1,"The Standard Code","Model_2",1,-761,-428,-333,-95,16,16,0,16,1,3
1,"The Standard Code","Model_2",2,185,124,61,63,0,13,24,26,1,3
1,"The Standard Code","Model_2",3,73,36,37,-1,36,36,0,36,1,3
2,"The Vertebrate Mitochondrial Code","Model_1",1,-227,-140,-87,-53,32,8,24,21,0,0
2,"The Vertebrate Mitochondrial Code","Model_1",2,59,52,7,45,22,15,7,8,0,0
2,"The Vertebrate Mitochondrial Code","Model_1",3,-149,-80,-69,-11,36,31,5,26,0,0
2,"The Vertebrate Mitochondrial Code","Model_2",1,-227,-140,-87,-53,32,8,24,21,0,0
2,"The Vertebrate Mitochondrial Code","Model_2",2,59,52,7,45,22,15,7,8,0,0
2,"The Vertebrate Mitochondrial Code","Model_2",3,-149,-80,-69,-11,36,31,5,26,0,0
3,"The Yeast Mitochondrial Code","Model_1",1,-527,-296,-231,-65,28,0,28,9,1,1
3,"The Yeast Mitochondrial Code","Model_1",2,359,208,151,57,26,23,3,20,0,1
3,"The Yeast Mitochondrial Code","Model_1",3,-149,-80,-69,-11,36,31,5,26,0,1
3,"The Yeast Mitochondrial Code","Model_2",1,-527,-296,-231,-65,28,0,28,9,1,1
3,"The Yeast Mitochondrial Code","Model_2",2,359,208,151,57,26,23,3,20,0,1
3,"The Yeast Mitochondrial Code","Model_2",3,-149,-80,-69,-11,36,31,5,26,0,1
4,"The Mold, Protozoan, and Coelenterate Mitochondrial Code and the Mycoplasma/Spiroplasma Code","Model_1",1,-557,-320,-237,-83,35,13,22,28,0,0
4,"The Mold, Protozoan, and Coelenterate Mitochondrial Code and the Mycoplasma/Spiroplasma Code","Model_1",2,389,232,157,75,19,10,9,1,0,0
4,"The Mold, Protozoan, and Coelenterate Mitochondrial Code and the Mycoplasma/Spiroplasma Code","Model_1",3,-131,-72,-59,-13,17,2,15,24,0,0
4,"The Mold, Protozoan, and Coelenterate Mitochondrial Code and the Mycoplasma/Spiroplasma Code","Model_2",1,-557,-320,-237,-83,35,13,22,28,0,0
4,"The Mold, Protozoan, and Coelenterate Mitochondrial Code and the Mycoplasma/Spiroplasma Code","Model_2",2,389,232,157,75,19,10,9,1,0,0
4,"The Mold, Protozoan, and Coelenterate Mitochondrial Code and the Mycoplasma/Spiroplasma Code","Model_2",3,-131,-72,-59,-13,17,2,15,24,0,0
5,"The Invertebrate Mitochondrial Code","Model_1",1,-437,-252,-185,-67,7,7,0,7,1,1
5,"The Invertebrate Mitochondrial Code","Model_1",2,269,164,105,59,10,16,31,22,0,1
5,"The Invertebrate Mitochondrial Code","Model_1",3,-149,-80,-69,-11,36,31,5,26,0,1
5,"The Invertebrate Mitochondrial Code","Model_2",1,-437,-252,-185,-67,7,7,0,7,1,1
5,"The Invertebrate Mitochondrial Code","Model_2",2,269,164,105,59,10,16,31,22,0,1
5,"The Invertebrate Mitochondrial Code","Model_2",3,-149,-80,-69,-11,36,31,5,26,0,1
6,"The Ciliate, Dasycladacean and Hexamita Nuclear Code","Model_1",1,-469,-272,-197,-75,12,24,25,36,0,1
6,"The Ciliate, Dasycladacean and Hexamita Nuclear Code","Model_1",2,-107,-32,-75,43,4,5,36,6,0,1
6,"The Ciliate, Dasycladacean and Hexamita Nuclear Code","Model_1",3,73,36,37,-1,36,36,0,36,1,1
6,"The Ciliate, Dasycladacean and Hexamita Nuclear Code","Model_2",1,-469,-272,-197,-75,12,24,25,36,0,1
6,"The Ciliate, Dasycladacean and Hexamita Nuclear Code","Model_2",2,-107,-32,-75,43,4,5,36,6,0,1
6,"The Ciliate, Dasycladacean and Hexamita Nuclear Code","Model_2",3,73,36,37,-1,36,36,0,36,1,1
9,"The Echinoderm and Flatworm Mitochondrial Code","Model_1",1,-405,-234,-171,-63,2,25,14,11,0,0
9,"The Echinoderm and Flatworm Mitochondrial Code","Model_1",2,265,166,99,67,6,18,25,30,0,0
9,"The Echinoderm and Flatworm Mitochondrial Code","Model_1",3,-117,-62,-55,-7,31,12,19,30,0,0
9,"The Echinoderm and Flatworm Mitochondrial Code","Model_2",1,-405,-234,-171,-63,2,25,14,11,0,0
9,"The Echinoderm and Flatworm Mitochondrial Code","Model_2",2,265,166,99,67,6,18,25,30,0,0
9,"The Echinoderm and Flatworm Mitochondrial Code","Model_2",3,-117,-62,-55,-7,31,12,19,30,0,0
10,"The Euplotid Nuclear Code","Model_1",1,-640,-364,-276,-88,26,6,20,23,0,0
10,"The Euplotid Nuclear Code","Model_1",2,306,188,118,70,10,3,7,33,0,0
10,"The Euplotid Nuclear Code","Model_1",3,-48,-28,-20,-8,26,9,17,29,0,0
10,"The Euplotid Nuclear Code","Model_2",1,-640,-364,-276,-88,26,6,20,23,0,0
10,"The Euplotid Nuclear Code","Model_2",2,306,188,118,70,10,3,7,33,0,0
10,"The Euplotid Nuclear Code","Model_2",3,-48,-28,-20,-8,26,9,17,29,0,0
11,"The Bacterial, Archaeal and Plant Plastid Code","Model_1",1,-761,-428,-333,-95,16,16,0,16,1,3
11,"The Bacterial, Archaeal and Plant Plastid Code","Model_1",2,185,124,61,63,0,13,24,26,1,3
11,"The Bacterial, Archaeal and Plant Plastid Code","Model_1",3,73,36,37,-1,36,36,0,36,1,3
11,"The Bacterial, Archaeal and Plant Plastid Code","Model_2",1,-761,-428,-333,-95,16,16,0,16,1,3
11,"The Bacterial, Archaeal and Plant Plastid Code","Model_2",2,185,124,61,63,0,13,24,26,1,3
11,"The Bacterial, Archaeal and Plant Plastid Code","Model_2",3,73,36,37,-1,36,36,0,36,1,3
12,"The Alternative Yeast Nuclear Code","Model_1",1,-735,-412,-323,-89,5,32,10,22,0,0
12,"The Alternative Yeast Nuclear Code","Model_1",2,159,108,51,57,11,34,14,20,0,0
12,"The Alternative Yeast Nuclear Code","Model_1",3,47,20,27,-7,10,20,27,30,0,0
12,"The Alternative Yeast Nuclear Code","Model_2",1,-735,-412,-323,-89,5,32,10,22,0,0
12,"The Alternative Yeast Nuclear Code","Model_2",2,159,108,51,57,11,34,14,20,0,0
12,"The Alternative Yeast Nuclear Code","Model_2",3,47,20,27,-7,10,20,27,30,0,0
13,"The Ascidian Mitochondrial Code","Model_1",1,-377,-220,-157,-63,30,2,28,11,0,0
13,"The Ascidian Mitochondrial Code","Model_1",2,209,132,77,55,24,21,3,18,0,0
13,"The Ascidian Mitochondrial Code","Model_1",3,-149,-80,-69,-11,36,31,5,26,0,0
13,"The Ascidian Mitochondrial Code","Model_2",1,-377,-220,-157,-63,30,2,28,11,0,0
13,"The Ascidian Mitochondrial Code","Model_2",2,209,132,77,55,24,21,3,18,0,0
13,"The Ascidian Mitochondrial Code","Model_2",3,-149,-80,-69,-11,36,31,5,26,0,0
14,"The Alternative Flatworm Mitochondrial Code","Model_1",1,-224,-138,-86,-52,35,10,25,22,0,0
14,"The Alternative Flatworm Mitochondrial Code","Model_1",2,84,70,14,56,10,33,14,19,0,0
14,"The Alternative Flatworm Mitochondrial Code","Model_1",3,-298,-158,-140,-18,35,27,8,19,0,0
14,"The Alternative Flatworm Mitochondrial Code","Model_2",1,-224,-138,-86,-52,35,10,25,22,0,0
14,"The Alternative Flatworm Mitochondrial Code","Model_2",2,84,70,14,56,10,33,14,19,0,0
14,"The Alternative Flatworm Mitochondrial Code","Model_2",3,-298,-158,-140,-18,35,27,8,19,0,0
15,"Blepharisma Nuclear Code","Model_1",1,-615,-350,-265,-85,14,20,31,26,0,0
15,"Blepharisma Nuclear Code","Model_1",2,39,46,-7,53,2,9,30,16,0,0
15,"Blepharisma Nuclear Code","Model_1",3,219,114,105,9,34,3,31,9,0,0
15,"Blepharisma Nuclear Code","Model_2",1,-615,-350,-265,-85,14,20,31,26,0,0
15,"Blepharisma Nuclear Code","Model_2",2,39,46,-7,53,2,9,30,16,0,0
15,"Blepharisma Nuclear Code","Model_2",3,219,114,105,9,34,3,31,9,0,0
16,"Chlorophycean Mitochondrial Code","Model_1",1,-630,-356,-274,-82,36,14,22,29,0,0
16,"Chlorophycean Mitochondrial Code","Model_1",2,54,52,2,50,17,15,2,13,0,0
16,"Chlorophycean Mitochondrial Code","Model_1",3,204,108,96,12,19,34,22,12,0,0
16,"Chlorophycean Mitochondrial Code","Model_2",1,-630,-356,-274,-82,36,14,22,29,0,0
16,"Chlorophycean Mitochondrial Code","Model_2",2,54,52,2,50,17,15,2,13,0,0
16,"Chlorophycean Mitochondrial Code","Model_2",3,204,108,96,12,19,34,22,12,0,0
21,"Trematode Mitochondrial Code","Model_1",1,-423,-242,-181,-61,21,17,4,13,0,0
21,"Trematode Mitochondrial Code","Model_1",2,283,174,109,65,24,26,35,28,0,0
21,"Trematode Mitochondrial Code","Model_1",3,-135,-70,-65,-5,13,4,9,32,0,0
21,"Trematode Mitochondrial Code","Model_2",1,-423,-242,-181,-61,21,17,4,13,0,0
21,"Trematode Mitochondrial Code","Model_2",2,283,174,109,65,24,26,35,28,0,0
21,"Trematode Mitochondrial Code","Model_2",3,-135,-70,-65,-5,13,4,9,32,0,0
22,"Scenedesmus obliquus Mitochondrial Code","Model_1",1,-735,-412,-323,-89,5,32,10,22,0,0
22,"Scenedesmus obliquus Mitochondrial Code","Model_1",2,159,108,51,57,11,34,14,20,0,0
22,"Scenedesmus obliquus Mitochondrial Code","Model_1",3,309,164,145,19,13,16,34,19,0,0
22,"Scenedesmus obliquus Mitochondrial Code","Model_2",1,-735,-412,-323,-89,5,32,10,22,0,0
22,"Scenedesmus obliquus Mitochondrial Code","Model_2",2,159,108,51,57,11,34,14,20,0,0
22,"Scenedesmus obliquus Mitochondrial Code","Model_2",3,309,164,145,19,13,16,34,19,0,0
23,"Thraustochytrium Mitochondrial Code","Model_1",1,-892,-500,-392,-108,33,18,15,3,0,0
23,"Thraustochytrium Mitochondrial Code","Model_1",2,54,52,2,50,17,15,2,13,0,0
23,"Thraustochytrium Mitochondrial Code","Model_1",3,204,108,96,12,19,34,22,12,0,0
23,"Thraustochytrium Mitochondrial Code","Model_2",1,-892,-500,-392,-108,33,18,15,3,0,0
23,"Thraustochytrium Mitochondrial Code","Model_2",2,54,52,2,50,17,15,2,13,0,0
23,"Thraustochytrium Mitochondrial Code","Model_2",3,204,108,96,12,19,34,22,12,0,0
24,"Rhabdopleuridae Mitochondrial Code","Model_1",1,-460,-268,-192,-76,21,28,30,35,0,0
24,"Rhabdopleuridae Mitochondrial Code","Model_1",2,292,180,112,68,33,32,1,31,0,0
24,"Rhabdopleuridae Mitochondrial Code","Model_1",3,-90,-48,-42,-6,21,26,32,31,0,0
24,"Rhabdopleuridae Mitochondrial Code","Model_2",1,-460,-268,-192,-76,21,28,30,35,0,0
24,"Rhabdopleuridae Mitochondrial Code","Model_2",2,292,180,112,68,33,32,1,31,0,0
24,"Rhabdopleuridae Mitochondrial Code","Model_2",3,-90,-48,-42,-6,21,26,32,31,0,0
25,"Candidate Division SR1 and Gracilibacteria Code","Model_1",1,-686,-388,-298,-90,17,19,35,21,0,0
25,"Candidate Division SR1 and Gracilibacteria Code","Model_1",2,260,164,96,68,1,16,22,31,0,0
25,"Candidate Division SR1 and Gracilibacteria Code","Model_1",3,-2,-4,2,-6,35,33,2,31,0,0
25,"Candidate Division SR1 and Gracilibacteria Code","Model_2",1,-686,-388,-298,-90,17,19,35,21,0,0
25,"Candidate Division SR1 and Gracilibacteria Code","Model_2",2,260,164,96,68,1,16,22,31,0,0
25,"Candidate Division SR1 and Gracilibacteria Code","Model_2",3,-2,-4,2,-6,35,33,2,31,0,0
26,"Pachysolen tannophilus Nuclear Code","Model_1",1,-719,-404,-315,-89,21,3,18,22,0,0
26,"Pachysolen tannophilus Nuclear Code","Model_1",2,143,100,43,57,32,26,6,20,0,0
26,"Pachysolen tannophilus Nuclear Code","Model_1",3,31,12,19,-7,31,12,19,30,0,0
26,"Pachysolen tannophilus Nuclear Code","Model_2",1,-719,-404,-315,-89,21,3,18,22,0,0
26,"Pachysolen tannophilus Nuclear Code","Model_2",2,143,100,43,57,32,26,6,20,0,0
26,"Pachysolen tannophilus Nuclear Code","Model_2",3,31,12,19,-7,31,12,19,30,0,0
27,"Karyorelict Nuclear Code","Model_1",1,-469,-272,-197,-75,12,24,25,36,0,1
27,"Karyorelict Nuclear Code","Model_1",2,-107,-32,-75,43,4,5,36,6,0,1
27,"Karyorelict Nuclear Code","Model_1",3,73,36,37,-1,36,36,0,36,1,1
27,"Karyorelict Nuclear Code","Model_2",1,-265,-164,-101,-63,31,21,10,11,0,0
27,"Karyorelict Nuclear Code","Model_2",2,97,76,21,55,23,2,21,18,0,0
27,"Karyorelict Nuclear Code","Model_2",3,-131,-72,-59,-13,17,2,15,24,0,0
28,"Condylostoma Nuclear Code","Model_1",1,-761,-428,-333,-95,16,16,0,16,1,3
28,"Condylostoma Nuclear Code","Model_1",2,185,124,61,63,0,13,24,26,1,3
28,"Condylostoma Nuclear Code","Model_1",3,73,36,37,-1,36,36,0,36,1,3
28,"Condylostoma Nuclear Code","Model_2",1,-265,-164,-101,-63,31,21,10,11,0,0
28,"Condylostoma Nuclear Code","Model_2",2,97,76,21,55,23,2,21,18,0,0
28,"Condylostoma Nuclear Code","Model_2",3,-131,-72,-59,-13,17,2,15,24,0,0
29,"Mesodinium Nuclear Code","Model_1",1,-399,-236,-163,-73,8,23,22,1,0,1
29,"Mesodinium Nuclear Code","Model_1",2,-177,-68,-109,41,8,6,2,4,0,1
29,"Mesodinium Nuclear Code","Model_1",3,73,36,37,-1,36,36,0,36,1,1
29,"Mesodinium Nuclear Code","Model_2",1,-399,-236,-163,-73,8,23,22,1,0,1
29,"Mesodinium Nuclear Code","Model_2",2,-177,-68,-109,41,8,6,2,4,0,1
29,"Mesodinium Nuclear Code","Model_2",3,73,36,37,-1,36,36,0,36,1,1
30,"Peritrich Nuclear Code","Model_1",1,-467,-272,-195,-77,14,24,27,34,0,1
30,"Peritrich Nuclear Code","Model_1",2,-109,-32,-77,45,2,5,34,8,0,1
30,"Peritrich Nuclear Code","Model_1",3,73,36,37,-1,36,36,0,36,1,1
30,"Peritrich Nuclear Code","Model_2",1,-467,-272,-195,-77,14,24,27,34,0,1
30,"Peritrich Nuclear Code","Model_2",2,-109,-32,-77,45,2,5,34,8,0,1
30,"Peritrich Nuclear Code","Model_2",3,73,36,37,-1,36,36,0,36,1,1
31,"Blastocrithidia Nuclear Code","Model_1",1,-557,-320,-237,-83,35,13,22,28,0,0
31,"Blastocrithidia Nuclear Code","Model_1",2,389,232,157,75,19,10,9,1,0,0
31,"Blastocrithidia Nuclear Code","Model_1",3,-131,-72,-59,-13,17,2,15,24,0,0
31,"Blastocrithidia Nuclear Code","Model_2",1,-263,-164,-99,-65,33,21,12,9,0,0
31,"Blastocrithidia Nuclear Code","Model_2",2,95,76,19,57,21,2,19,20,0,0
31,"Blastocrithidia Nuclear Code","Model_2",3,-131,-72,-59,-13,17,2,15,24,0,0
32,"Balanophoraceae Plastid Code","Model_1",1,-557,-320,-237,-83,35,13,22,28,0,0
32,"Balanophoraceae Plastid Code","Model_1",2,-19,16,-35,51,18,16,2,14,0,0
32,"Balanophoraceae Plastid Code","Model_1",3,277,144,133,11,18,33,22,11,0,0
32,"Balanophoraceae Plastid Code","Model_2",1,-557,-320,-237,-83,35,13,22,28,0,0
32,"Balanophoraceae Plastid Code","Model_2",2,-19,16,-35,51,18,16,2,14,0,0
32,"Balanophoraceae Plastid Code","Model_2",3,277,144,133,11,18,33,22,11,0,0
33,"Cephalodiscidae Mitochondrial UAA-Tyr Code","Model_1",1,-279,-172,-107,-65,17,13,4,9,0,1
33,"Cephalodiscidae Mitochondrial UAA-Tyr Code","Model_1",2,111,84,27,57,0,10,27,20,1,1
33,"Cephalodiscidae Mitochondrial UAA-Tyr Code","Model_1",3,-271,-144,-127,-17,25,4,21,20,0,1
33,"Cephalodiscidae Mitochondrial UAA-Tyr Code","Model_2",1,-279,-172,-107,-65,17,13,4,9,0,1
33,"Cephalodiscidae Mitochondrial UAA-Tyr Code","Model_2",2,111,84,27,57,0,10,27,20,1,1
33,"Cephalodiscidae Mitochondrial UAA-Tyr Code","Model_2",3,-271,-144,-127,-17,25,4,21,20,0,1
